index,area_code,area_name
1,E60000001,County Durham LPA
2,E60000002,Darlington LPA
3,E60000003,Hartlepool LPA
4,E60000004,Middlesbrough LPA
5,E60000005,Northumberland LPA
6,E60000006,Redcar and Cleveland LPA
7,E60000007,Stockton-on-Tees LPA
8,E60000008,Gateshead LPA
9,E60000009,Newcastle upon Tyne LPA
10,E60000010,North Tyneside LPA
11,E60000011,South Tyneside LPA
12,E60000012,Sunderland LPA
13,E60000013,Blackburn with Darwen LPA
14,E60000014,Blackpool LPA
15,E60000015,Cheshire East LPA
16,E60000016,Cheshire West and Chester LPA
17,E60000017,Halton LPA
18,E60000018,Warrington LPA
19,E60000025,Bolton LPA
20,E60000026,Bury LPA
21,E60000027,Manchester LPA
22,E60000028,Oldham LPA
23,E60000029,Rochdale LPA
24,E60000030,Salford LPA
25,E60000031,Stockport LPA
26,E60000032,Tameside LPA
27,E60000033,Trafford LPA
28,E60000034,Wigan LPA
29,E60000035,Burnley LPA
30,E60000036,Chorley LPA
31,E60000037,Fylde LPA
32,E60000038,Hyndburn LPA
33,E60000039,Lancaster LPA
34,E60000040,Pendle LPA
35,E60000041,Preston LPA
36,E60000042,Ribble Valley LPA
37,E60000043,Rossendale LPA
38,E60000044,South Ribble LPA
39,E60000045,West Lancashire LPA
40,E60000046,Wyre LPA
41,E60000047,Knowsley LPA
42,E60000048,Liverpool LPA
43,E60000049,Sefton LPA
44,E60000050,St. Helens LPA
45,E60000051,Wirral LPA
46,E60000052,East Riding of Yorkshire LPA
47,E60000053,"Kingston upon Hull, City of LPA"
48,E60000054,North East Lincolnshire LPA
49,E60000055,North Lincolnshire LPA
50,E60000056,York LPA
51,E60000064,Barnsley LPA
52,E60000065,Doncaster LPA
53,E60000066,Rotherham LPA
54,E60000067,Sheffield LPA
55,E60000068,Bradford LPA
56,E60000069,Calderdale LPA
57,E60000070,Kirklees LPA
58,E60000071,Leeds LPA
59,E60000072,Wakefield LPA
60,E60000073,Derby LPA
61,E60000074,Leicester LPA
62,E60000075,Nottingham LPA
63,E60000076,Rutland LPA
64,E60000077,Amber Valley LPA
65,E60000078,Bolsover LPA
66,E60000079,Chesterfield LPA
67,E60000080,Derbyshire Dales LPA
68,E60000081,Erewash LPA
69,E60000082,High Peak LPA
70,E60000083,North East Derbyshire LPA
71,E60000084,South Derbyshire LPA
72,E60000085,Blaby LPA
73,E60000086,Charnwood LPA
74,E60000087,Harborough LPA
75,E60000088,Hinckley and Bosworth LPA
76,E60000089,Melton LPA
77,E60000090,North West Leicestershire LPA
78,E60000091,Oadby and Wigston LPA
79,E60000092,Boston LPA
80,E60000093,East Lindsey LPA
81,E60000094,Lincoln LPA
82,E60000095,North Kesteven LPA
83,E60000096,South Holland LPA
84,E60000097,South Kesteven LPA
85,E60000098,West Lindsey LPA
86,E60000106,Ashfield LPA
87,E60000107,Bassetlaw LPA
88,E60000108,Broxtowe LPA
89,E60000109,Gedling LPA
90,E60000110,Mansfield LPA
91,E60000111,Newark and Sherwood LPA
92,E60000112,Rushcliffe LPA
93,E60000113,"Herefordshire, County of LPA"
94,E60000114,Shropshire LPA
95,E60000115,Stoke-on-Trent LPA
96,E60000116,Telford and Wrekin LPA
97,E60000117,Cannock Chase LPA
98,E60000118,East Staffordshire LPA
99,E60000119,Lichfield LPA
100,E60000120,Newcastle-under-Lyme LPA
101,E60000121,South Staffordshire LPA
102,E60000122,Stafford LPA
103,E60000123,Staffordshire Moorlands LPA
104,E60000124,Tamworth LPA
105,E60000125,North Warwickshire LPA
106,E60000126,Nuneaton and Bedworth LPA
107,E60000127,Rugby LPA
108,E60000128,Stratford-on-Avon LPA
109,E60000129,Warwick LPA
110,E60000130,Birmingham LPA
111,E60000131,Coventry LPA
112,E60000132,Dudley LPA
113,E60000133,Sandwell LPA
114,E60000134,Solihull LPA
115,E60000135,Walsall LPA
116,E60000136,Wolverhampton LPA
117,E60000137,Bromsgrove LPA
118,E60000138,Malvern Hills LPA
119,E60000139,Redditch LPA
120,E60000140,Worcester LPA
121,E60000141,Wychavon LPA
122,E60000142,Wyre Forest LPA
123,E60000143,Bedford LPA
124,E60000144,Central Bedfordshire LPA
125,E60000145,Luton LPA
126,E60000146,Peterborough LPA
127,E60000147,Southend-on-Sea LPA
128,E60000148,Thurrock LPA
129,E60000149,Cambridge LPA
130,E60000150,East Cambridgeshire LPA
131,E60000151,Fenland LPA
132,E60000152,Huntingdonshire LPA
133,E60000153,South Cambridgeshire LPA
134,E60000154,Basildon LPA
135,E60000155,Braintree LPA
136,E60000156,Brentwood LPA
137,E60000157,Castle Point LPA
138,E60000158,Chelmsford LPA
139,E60000159,Colchester LPA
140,E60000160,Epping Forest LPA
141,E60000161,Harlow LPA
142,E60000162,Maldon LPA
143,E60000163,Rochford LPA
144,E60000164,Tendring LPA
145,E60000165,Uttlesford LPA
146,E60000166,Broxbourne LPA
147,E60000167,Dacorum LPA
148,E60000168,East Hertfordshire LPA
149,E60000169,Hertsmere LPA
150,E60000170,North Hertfordshire LPA
151,E60000171,St Albans LPA
152,E60000172,Stevenage LPA
153,E60000173,Three Rivers LPA
154,E60000174,Watford LPA
155,E60000175,Welwyn Hatfield LPA
156,E60000176,Breckland LPA
157,E60000177,Broadland LPA
158,E60000178,Great Yarmouth LPA
159,E60000179,King’s Lynn and West Norfolk LPA
160,E60000180,North Norfolk LPA
161,E60000181,Norwich LPA
162,E60000182,South Norfolk LPA
163,E60000183,Babergh LPA
164,E60000184,East Suffolk LPA
165,E60000185,Ipswich LPA
166,E60000186,Mid Suffolk LPA
167,E60000187,West Suffolk LPA
168,E60000188,Camden LPA
169,E60000189,City of London LPA
170,E60000190,Hackney LPA
171,E60000191,Hammersmith and Fulham LPA
172,E60000192,Haringey LPA
173,E60000193,Islington LPA
174,E60000194,Kensington and Chelsea LPA
175,E60000195,Lambeth LPA
176,E60000196,Lewisham LPA
177,E60000197,Newham LPA
178,E60000198,Southwark LPA
179,E60000199,Tower Hamlets LPA
180,E60000200,Wandsworth LPA
181,E60000201,Westminster LPA
182,E60000202,Barking and Dagenham LPA
183,E60000203,Barnet LPA
184,E60000204,Bexley LPA
185,E60000205,Brent LPA
186,E60000206,Bromley LPA
187,E60000207,Croydon LPA
188,E60000208,Ealing LPA
189,E60000209,Enfield LPA
190,E60000210,Greenwich LPA
191,E60000211,Harrow LPA
192,E60000212,Havering LPA
193,E60000213,Hillingdon LPA
194,E60000214,Hounslow LPA
195,E60000215,Kingston upon Thames LPA
196,E60000216,Merton LPA
197,E60000217,Redbridge LPA
198,E60000218,Richmond upon Thames LPA
199,E60000219,Sutton LPA
200,E60000220,Waltham Forest LPA
201,E60000221,Bracknell Forest LPA
202,E60000222,Brighton and Hove LPA
203,E60000223,Isle of Wight LPA
204,E60000224,Medway LPA
205,E60000225,Milton Keynes LPA
206,E60000226,Portsmouth LPA
207,E60000227,Reading LPA
208,E60000228,Slough LPA
209,E60000229,Southampton LPA
210,E60000230,West Berkshire LPA
211,E60000231,Windsor and Maidenhead LPA
212,E60000232,Wokingham LPA
213,E60000237,Eastbourne LPA
214,E60000238,Hastings LPA
215,E60000239,Lewes LPA
216,E60000240,Rother LPA
217,E60000241,Wealden LPA
218,E60000242,Basingstoke and Deane LPA
219,E60000243,East Hampshire LPA
220,E60000244,Eastleigh LPA
221,E60000245,Fareham LPA
222,E60000246,Gosport LPA
223,E60000247,Hart LPA
224,E60000248,Havant LPA
225,E60000249,New Forest LPA
226,E60000250,Rushmoor LPA
227,E60000251,Test Valley LPA
228,E60000252,Winchester LPA
229,E60000253,Ashford LPA
230,E60000254,Canterbury LPA
231,E60000255,Dartford LPA
232,E60000256,Dover LPA
233,E60000257,Folkestone and Hythe LPA
234,E60000258,Gravesham LPA
235,E60000259,Maidstone LPA
236,E60000260,Sevenoaks LPA
237,E60000261,Swale LPA
238,E60000262,Thanet LPA
239,E60000263,Tonbridge and Malling LPA
240,E60000264,Tunbridge Wells LPA
241,E60000265,Cherwell LPA
242,E60000266,Oxford LPA
243,E60000267,South Oxfordshire LPA
244,E60000268,Vale of White Horse LPA
245,E60000269,West Oxfordshire LPA
246,E60000270,Elmbridge LPA
247,E60000271,Epsom and Ewell LPA
248,E60000272,Guildford LPA
249,E60000273,Mole Valley LPA
250,E60000274,Reigate and Banstead LPA
251,E60000275,Runnymede LPA
252,E60000276,Spelthorne LPA
253,E60000277,Surrey Heath LPA
254,E60000278,Tandridge LPA
255,E60000279,Waverley LPA
256,E60000280,Woking LPA
257,E60000281,Adur LPA
258,E60000282,Arun LPA
259,E60000283,Chichester LPA
260,E60000284,Crawley LPA
261,E60000285,Horsham LPA
262,E60000286,Mid Sussex LPA
263,E60000287,Worthing LPA
264,E60000288,Bath and North East Somerset LPA
265,E60000289,"Bournemouth, Christchurch and Poole LPA"
266,E60000290,"Bristol, City of LPA"
267,E60000291,Cornwall LPA
268,E60000292,Dorset LPA
269,E60000293,Isles of Scilly LPA
270,E60000294,North Somerset LPA
271,E60000295,Plymouth LPA
272,E60000296,South Gloucestershire LPA
273,E60000297,Swindon LPA
274,E60000298,Torbay LPA
275,E60000299,Wiltshire LPA
276,E60000300,East Devon LPA
277,E60000301,Exeter LPA
278,E60000302,Mid Devon LPA
279,E60000303,North Devon LPA
280,E60000304,South Hams LPA
281,E60000305,Teignbridge LPA
282,E60000306,Torridge LPA
283,E60000307,West Devon LPA
284,E60000308,Cheltenham LPA
285,E60000309,Cotswold LPA
286,E60000310,Forest of Dean LPA
287,E60000311,Gloucester LPA
288,E60000312,Stroud LPA
289,E60000313,Tewkesbury LPA
290,E60000318,Dartmoor National Park LPA
291,E60000319,Exmoor National Park LPA
292,E60000320,Lake District National Park LPA
293,E60000321,New Forest National Park LPA
294,E60000322,North York Moors National Park LPA
295,E60000323,Northumberland National Park LPA
296,E60000324,Peak District National Park LPA
297,E60000325,South Downs National Park LPA
298,E60000326,The Broads Authority LPA
299,E60000327,Yorkshire Dales National Park LPA
300,E60000328,Ebbsfleet Development Corporation LPA
301,E60000329,London Legacy Development Corporation LPA
302,E60000330,Old Oak and Park Royal Development Corporation LPA
303,E60000331,Buckinghamshire LPA
304,E60000332,North Northamptonshire LPA
305,E60000333,West Northamptonshire LPA
306,E60000334,Cumberland LPA
307,E60000335,Westmorland and Furness LPA
308,E60000336,North Yorkshire LPA
309,E60000337,Somerset LPA